domain,registrar,expiration,renewal,cost
capycapitalgroup.com,SiteGround,2026-05-24,unknown,
orlandoprecisioninc.com,SiteGround,2026-05-09,unknown,
capycapital.com,SiteGround,2026-08-01,unknown,
advmetalproduct.com,SiteGround,2027-02-14,unknown,
advmetalproducts.com,SiteGround,2027-02-14,unknown,
advantagemetalfab.com,SiteGround,2027-02-14,unknown,
aecamfg.com,SiteGround,2027-01-23,unknown,
aecamachining.com,SiteGround,2026-12-20,unknown,
aecamanufacturing.com,SiteGround,2026-12-20,unknown,
capycapitalfund.com,SiteGround,2027-05-24,unknown,
capyequity.com,SiteGround,2027-05-24,unknown,
capyfunds.com,SiteGround,2027-05-24,unknown,
genfoundryserv.com,SiteGround,2027-02-19,unknown,
franklin-casting.com,SiteGround,2027-01-28,unknown,
franklin-castings.com,SiteGround,2027-01-28,unknown,
franklincasting.com,SiteGround,2027-01-28,unknown,
genfoundryservice.com,SiteGround,2027-01-23,unknown,
general-foundry.com,SiteGround,2027-01-23,unknown,
capyengineering.com,SiteGround,2027-01-19,unknown,
gen-foundry.com,SiteGround,2027-01-23,unknown,
megamachining.com,SiteGround,2027-02-26,unknown,
megatechaqs.com,SiteGround,2027-02-26,unknown,
mega-techaq.com,SiteGround,2027-02-14,unknown,
megatechmachining.com,SiteGround,2027-02-14,unknown,
metalproductsamp.com,SiteGround,2027-02-14,unknown,
vrcmanufacturing.com,SiteGround,2027-02-28,unknown,
vrc-eng.com,SiteGround,2027-02-28,unknown,
techmaxmfg.com,SiteGround,2027-01-23,unknown,
shellcast-foundry.com,SiteGround,2027-01-23,unknown,
shellcast-foundries.com,SiteGround,2027-01-23,unknown,
tech-maxmachine.com,SiteGround,2027-01-23,unknown,
techmax-mfg.com,SiteGround,2027-01-10,unknown,
techmaxmachining.com,SiteGround,2027-01-10,unknown,
techmaxmachine.com,SiteGround,2027-01-10,unknown,
shellcastfoundry.com,SiteGround,2027-01-08,unknown,
shellcastfoundries.com,SiteGround,2027-01-08,unknown,
vrc-manufacturing.com,SiteGround,2026-12-20,unknown,
vrc-engineering.com,SiteGround,2026-12-20,unknown,
stanekmachining.com,SiteGround,2026-12-20,unknown,
stanekmanufacturing.com,SiteGround,2026-12-20,unknown,
aveela.co,GoDaddy,2026-07-17,ON,
aveelasleep.com,GoDaddy,2026-11-21,ON,
gokapy.com,GoDaddy,2026-10-20,ON,
gokappy.com,GoDaddy,2026-10-20,ON,
gocapy.com,GoDaddy,2026-10-20,ON,
gocapp.com,GoDaddy,2026-10-22,ON,
capy-patch.com,GoDaddy,2027-05-23,ON,
